Workbook

Sheet Start here
A1: PicklyPH venue collection (H04)
A2: Use this workbook to collect real venues for the directory. Fill one row per venue on Venues and one row per court on Courts, and keep the permission record on Permissions. Columns marked * are required. Click a cell to see a short hint.
A4: Before you add a venue
A5: 1. Ask the owner or manager whether PicklyPH may list the venue. Record who agreed, how and when on Permissions, and keep the proof (a message screenshot is fine).
A6: 2. Check that the venue is not already in the PicklyPH directory. A second row for the same venue creates a duplicate listing.
A8: Venues
A9: Venue code: a short code you make up, such as NCR-001 or CEB-003, with no spaces. It becomes the venue's permanent import reference, so never change or reuse a code once the venue is imported.
A10: Name, street address, city or municipality, province: as the venue wants them shown. Up to 120 characters for the name, 240 for the address and 80 for city and province.
A11: Region: for planning a spread across the country. It is not imported.
A12: Latitude and longitude: in Google Maps, press and hold on the courts themselves (not the street), then copy the two numbers shown, such as 14.554729, 121.024445. The first is latitude, the second longitude.
A13: Pin checked by: confirm the pin with the owner or manager, or on a site visit. The console only checks that the numbers are valid, not that they match the address.
A14: Permission to list: Yes only after the owner or manager agreed.
... A34: Courts: EX-001 | Court 2 | Synthetic | Yes | Yes | Yes

Sheet Venues
A1: Venue code * | B1: Venue name * | C1: Street address * | D1: City or municipality * | E1: Province * | F1: Region | G1: Latitude * | H1: Longitude * | I1: Pin checked by * | J1: Permission to list * | K1: Courts listed (auto) | L1: Active courts (auto) | M1: Status (auto) | N1: Notes (not imported)
K2: =IF(A2="","",COUNTIF(Courts!$A$2:$A$1001,A2)) | L2: =IF(A2="","",COUNTIFS(Courts!$A$2:$A$1001,A2,Courts!$F$2:$F$1001,"Yes")) | M2: =IF(A2="","",IF(COUNTIF($A$2:$A$201,A2)>1,"Duplicate venue code",IF(OR(B2="",C2="",D2="",E2="",G2="",H2="",I2="",J2=""),"Missing details",IF(OR(LEN(A2)>40,LEN(B2)>120,LEN(C2)>240,LEN(D2)>80,LEN(E2)>80),"Text too long",IF(OR(NOT(ISNUMBER(G2)),NOT(ISNUMBER(H2))),"Pin must be two numbers",IF(OR(G2<4,G2>21.5,H2<116,H2>127),"Pin outside the Philippines",IF(J2="No","No permission: do not import",IF(J2<>"Yes","Waiting for permission",IF(AND(I2<>"Owner or manager",I2<>"Site visit"),"Confirm the pin",IF(K2=0,"Add its courts",IF(K2>40,"Over 40 courts",IF(COUNTIFS(Courts!$A$2:$A$1001,A2,Courts!$G$2:$G$1001,"<>OK")>0,"Fix its courts",IF(L2=0,"Needs an active court","Ready")))))))))))))
K3: =IF(A3="","",COUNTIF(Courts!$A$2:$A$1001,A3)) | L3: =IF(A3="","",COUNTIFS(Courts!$A$2:$A$1001,A3,Courts!$F$2:$F$1001,"Yes")) | M3: =IF(A3="","",IF(COUNTIF($A$2:$A$201,A3)>1,"Duplicate venue code",IF(OR(B3="",C3="",D3="",E3="",G3="",H3="",I3="",J3=""),"Missing details",IF(OR(LEN(A3)>40,LEN(B3)>120,LEN(C3)>240,LEN(D3)>80,LEN(E3)>80),"Text too long",IF(OR(NOT(ISNUMBER(G3)),NOT(ISNUMBER(H3))),"Pin must be two numbers",IF(OR(G3<4,G3>21.5,H3<116,H3>127),"Pin outside the Philippines",IF(J3="No","No permission: do not import",IF(J3<>"Yes","Waiting for permission",IF(AND(I3<>"Owner or manager",I3<>"Site visit"),"Confirm the pin",IF(K3=0,"Add its courts",IF(K3>40,"Over 40 courts",IF(COUNTIFS(Courts!$A$2:$A$1001,A3,Courts!$G$2:$G$1001,"<>OK")>0,"Fix its courts",IF(L3=0,"Needs an active court","Ready")))))))))))))
K4: =IF(A4="","",COUNTIF(Courts!$A$2:$A$1001,A4)) | L4: =IF(A4="","",COUNTIFS(Courts!$A$2:$A$1001,A4,Courts!$F$2:$F$1001,"Yes")) | M4: =IF(A4="","",IF(COUNTIF($A$2:$A$201,A4)>1,"Duplicate venue code",IF(OR(B4="",C4="",D4="",E4="",G4="",H4="",I4="",J4=""),"Missing details",IF(OR(LEN(A4)>40,LEN(B4)>120,LEN(C4)>240,LEN(D4)>80,LEN(E4)>80),"Text too long",IF(OR(NOT(ISNUMBER(G4)),NOT(ISNUMBER(H4))),"Pin must be two numbers",IF(OR(G4<4,G4>21.5,H4<116,H4>127),"Pin outside the Philippines",IF(J4="No","No permission: do not import",IF(J4<>"Yes","Waiting for permission",IF(AND(I4<>"Owner or manager",I4<>"Site visit"),"Confirm the pin",IF(K4=0,"Add its courts",IF(K4>40,"Over 40 courts",IF(COUNTIFS(Courts!$A$2:$A$1001,A4,Courts!$G$2:$G$1001,"<>OK")>0,"Fix its courts",IF(L4=0,"Needs an active court","Ready")))))))))))))
K5: =IF(A5="","",COUNTIF(Courts!$A$2:$A$1001,A5)) | L5: =IF(A5="","",COUNTIFS(Courts!$A$2:$A$1001,A5,Courts!$F$2:$F$1001,"Yes")) | M5: =IF(A5="","",IF(COUNTIF($A$2:$A$201,A5)>1,"Duplicate venue code",IF(OR(B5="",C5="",D5="",E5="",G5="",H5="",I5="",J5=""),"Missing details",IF(OR(LEN(A5)>40,LEN(B5)>120,LEN(C5)>240,LEN(D5)>80,LEN(E5)>80),"Text too long",IF(OR(NOT(ISNUMBER(G5)),NOT(ISNUMBER(H5))),"Pin must be two numbers",IF(OR(G5<4,G5>21.5,H5<116,H5>127),"Pin outside the Philippines",IF(J5="No","No permission: do not import",IF(J5<>"Yes","Waiting for permission",IF(AND(I5<>"Owner or manager",I5<>"Site visit"),"Confirm the pin",IF(K5=0,"Add its courts",IF(K5>40,"Over 40 courts",IF(COUNTIFS(Courts!$A$2:$A$1001,A5,Courts!$G$2:$G$1001,"<>OK")>0,"Fix its courts",IF(L5=0,"Needs an active court","Ready")))))))))))))
K6: =IF(A6="","",COUNTIF(Courts!$A$2:$A$1001,A6)) | L6: =IF(A6="","",COUNTIFS(Courts!$A$2:$A$1001,A6,Courts!$F$2:$F$1001,"Yes")) | M6: =IF(A6="","",IF(COUNTIF($A$2:$A$201,A6)>1,"Duplicate venue code",IF(OR(B6="",C6="",D6="",E6="",G6="",H6="",I6="",J6=""),"Missing details",IF(OR(LEN(A6)>40,LEN(B6)>120,LEN(C6)>240,LEN(D6)>80,LEN(E6)>80),"Text too long",IF(OR(NOT(ISNUMBER(G6)),NOT(ISNUMBER(H6))),"Pin must be two numbers",IF(OR(G6<4,G6>21.5,H6<116,H6>127),"Pin outside the Philippines",IF(J6="No","No permission: do not import",IF(J6<>"Yes","Waiting for permission",IF(AND(I6<>"Owner or manager",I6<>"Site visit"),"Confirm the pin",IF(K6=0,"Add its courts",IF(K6>40,"Over 40 courts",IF(COUNTIFS(Courts!$A$2:$A$1001,A6,Courts!$G$2:$G$1001,"<>OK")>0,"Fix its courts",IF(L6=0,"Needs an active court","Ready")))))))))))))
K7: =IF(A7="","",COUNTIF(Courts!$A$2:$A$1001,A7)) | L7: =IF(A7="","",COUNTIFS(Courts!$A$2:$A$1001,A7,Courts!$F$2:$F$1001,"Yes")) | M7: =IF(A7="","",IF(COUNTIF($A$2:$A$201,A7)>1,"Duplicate venue code",IF(OR(B7="",C7="",D7="",E7="",G7="",H7="",I7="",J7=""),"Missing details",IF(OR(LEN(A7)>40,LEN(B7)>120,LEN(C7)>240,LEN(D7)>80,LEN(E7)>80),"Text too long",IF(OR(NOT(ISNUMBER(G7)),NOT(ISNUMBER(H7))),"Pin must be two numbers",IF(OR(G7<4,G7>21.5,H7<116,H7>127),"Pin outside the Philippines",IF(J7="No","No permission: do not import",IF(J7<>"Yes","Waiting for permission",IF(AND(I7<>"Owner or manager",I7<>"Site visit"),"Confirm the pin",IF(K7=0,"Add its courts",IF(K7>40,"Over 40 courts",IF(COUNTIFS(Courts!$A$2:$A$1001,A7,Courts!$G$2:$G$1001,"<>OK")>0,"Fix its courts",IF(L7=0,"Needs an active court","Ready")))))))))))))
K8: =IF(A8="","",COUNTIF(Courts!$A$2:$A$1001,A8)) | L8: =IF(A8="","",COUNTIFS(Courts!$A$2:$A$1001,A8,Courts!$F$2:$F$1001,"Yes")) | M8: =IF(A8="","",IF(COUNTIF($A$2:$A$201,A8)>1,"Duplicate venue code",IF(OR(B8="",C8="",D8="",E8="",G8="",H8="",I8="",J8=""),"Missing details",IF(OR(LEN(A8)>40,LEN(B8)>120,LEN(C8)>240,LEN(D8)>80,LEN(E8)>80),"Text too long",IF(OR(NOT(ISNUMBER(G8)),NOT(ISNUMBER(H8))),"Pin must be two numbers",IF(OR(G8<4,G8>21.5,H8<116,H8>127),"Pin outside the Philippines",IF(J8="No","No permission: do not import",IF(J8<>"Yes","Waiting for permission",IF(AND(I8<>"Owner or manager",I8<>"Site visit"),"Confirm the pin",IF(K8=0,"Add its courts",IF(K8>40,"Over 40 courts",IF(COUNTIFS(Courts!$A$2:$A$1001,A8,Courts!$G$2:$G$1001,"<>OK")>0,"Fix its courts",IF(L8=0,"Needs an active court","Ready")))))))))))))
K9: =IF(A9="","",COUNTIF(Courts!$A$2:$A$1001,A9)) | L9: =IF(A9="","",COUNTIFS(Courts!$A$2:$A$1001,A9,Courts!$F$2:$F$1001,"Yes")) | M9: =IF(A9="","",IF(COUNTIF($A$2:$A$201,A9)>1,"Duplicate venue code",IF(OR(B9="",C9="",D9="",E9="",G9="",H9="",I9="",J9=""),"Missing details",IF(OR(LEN(A9)>40,LEN(B9)>120,LEN(C9)>240,LEN(D9)>80,LEN(E9)>80),"Text too long",IF(OR(NOT(ISNUMBER(G9)),NOT(ISNUMBER(H9))),"Pin must be two numbers",IF(OR(G9<4,G9>21.5,H9<116,H9>127),"Pin outside the Philippines",IF(J9="No","No permission: do not import",IF(J9<>"Yes","Waiting for permission",IF(AND(I9<>"Owner or manager",I9<>"Site visit"),"Confirm the pin",IF(K9=0,"Add its courts",IF(K9>40,"Over 40 courts",IF(COUNTIFS(Courts!$A$2:$A$1001,A9,Courts!$G$2:$G$1001,"<>OK")>0,"Fix its courts",IF(L9=0,"Needs an active court","Ready")))))))))))))
K10: =IF(A10="","",COUNTIF(Courts!$A$2:$A$1001,A10)) | L10: =IF(A10="","",COUNTIFS(Courts!$A$2:$A$1001,A10,Courts!$F$2:$F$1001,"Yes")) | M10: =IF(A10="","",IF(COUNTIF($A$2:$A$201,A10)>1,"Duplicate venue code",IF(OR(B10="",C10="",D10="",E10="",G10="",H10="",I10="",J10=""),"Missing details",IF(OR(LEN(A10)>40,LEN(B10)>120,LEN(C10)>240,LEN(D10)>80,LEN(E10)>80),"Text too long",IF(OR(NOT(ISNUMBER(G10)),NOT(ISNUMBER(H10))),"Pin must be two numbers",IF(OR(G10<4,G10>21.5,H10<116,H10>127),"Pin outside the Philippines",IF(J10="No","No permission: do not import",IF(J10<>"Yes","Waiting for permission",IF(AND(I10<>"Owner or manager",I10<>"Site visit"),"Confirm the pin",IF(K10=0,"Add its courts",IF(K10>40,"Over 40 courts",IF(COUNTIFS(Courts!$A$2:$A$1001,A10,Courts!$G$2:$G$1001,"<>OK")>0,"Fix its courts",IF(L10=0,"Needs an active court","Ready")))))))))))))
K11: =IF(A11="","",COUNTIF(Courts!$A$2:$A$1001,A11)) | L11: =IF(A11="","",COUNTIFS(Courts!$A$2:$A$1001,A11,Courts!$F$2:$F$1001,"Yes")) | M11: =IF(A11="","",IF(COUNTIF($A$2:$A$201,A11)>1,"Duplicate venue code",IF(OR(B11="",C11="",D11="",E11="",G11="",H11="",I11="",J11=""),"Missing details",IF(OR(LEN(A11)>40,LEN(B11)>120,LEN(C11)>240,LEN(D11)>80,LEN(E11)>80),"Text too long",IF(OR(NOT(ISNUMBER(G11)),NOT(ISNUMBER(H11))),"Pin must be two numbers",IF(OR(G11<4,G11>21.5,H11<116,H11>127),"Pin outside the Philippines",IF(J11="No","No permission: do not import",IF(J11<>"Yes","Waiting for permission",IF(AND(I11<>"Owner or manager",I11<>"Site visit"),"Confirm the pin",IF(K11=0,"Add its courts",IF(K11>40,"Over 40 courts",IF(COUNTIFS(Courts!$A$2:$A$1001,A11,Courts!$G$2:$G$1001,"<>OK")>0,"Fix its courts",IF(L11=0,"Needs an active court","Ready")))))))))))))
K12: =IF(A12="","",COUNTIF(Courts!$A$2:$A$1001,A12)) | L12: =IF(A12="","",COUNTIFS(Courts!$A$2:$A$1001,A12,Courts!$F$2:$F$1001,"Yes")) | M12: =IF(A12="","",IF(COUNTIF($A$2:$A$201,A12)>1,"Duplicate venue code",IF(OR(B12="",C12="",D12="",E12="",G12="",H12="",I12="",J12=""),"Missing details",IF(OR(LEN(A12)>40,LEN(B12)>120,LEN(C12)>240,LEN(D12)>80,LEN(E12)>80),"Text too long",IF(OR(NOT(ISNUMBER(G12)),NOT(ISNUMBER(H12))),"Pin must be two numbers",IF(OR(G12<4,G12>21.5,H12<116,H12>127),"Pin outside the Philippines",IF(J12="No","No permission: do not import",IF(J12<>"Yes","Waiting for permission",IF(AND(I12<>"Owner or manager",I12<>"Site visit"),"Confirm the pin",IF(K12=0,"Add its courts",IF(K12>40,"Over 40 courts",IF(COUNTIFS(Courts!$A$2:$A$1001,A12,Courts!$G$2:$G$1001,"<>OK")>0,"Fix its courts",IF(L12=0,"Needs an active court","Ready")))))))))))))
K13: =IF(A13="","",COUNTIF(Courts!$A$2:$A$1001,A13)) | L13: =IF(A13="","",COUNTIFS(Courts!$A$2:$A$1001,A13,Courts!$F$2:$F$1001,"Yes")) | M13: =IF(A13="","",IF(COUNTIF($A$2:$A$201,A13)>1,"Duplicate venue code",IF(OR(B13="",C13="",D13="",E13="",G13="",H13="",I13="",J13=""),"Missing details",IF(OR(LEN(A13)>40,LEN(B13)>120,LEN(C13)>240,LEN(D13)>80,LEN(E13)>80),"Text too long",IF(OR(NOT(ISNUMBER(G13)),NOT(ISNUMBER(H13))),"Pin must be two numbers",IF(OR(G13<4,G13>21.5,H13<116,H13>127),"Pin outside the Philippines",IF(J13="No","No permission: do not import",IF(J13<>"Yes","Waiting for permission",IF(AND(I13<>"Owner or manager",I13<>"Site visit"),"Confirm the pin",IF(K13=0,"Add its courts",IF(K13>40,"Over 40 courts",IF(COUNTIFS(Courts!$A$2:$A$1001,A13,Courts!$G$2:$G$1001,"<>OK")>0,"Fix its courts",IF(L13=0,"Needs an active court","Ready")))))))))))))
... K201: =IF(A201="","",COUNTIF(Courts!$A$2:$A$1001,A201)) | L201: =IF(A201="","",COUNTIFS(Courts!$A$2:$A$1001,A201,Courts!$F$2:$F$1001,"Yes")) | M201: =IF(A201="","",IF(COUNTIF($A$2:$A$201,A201)>1,"Duplicate venue code",IF(OR(B201="",C201="",D201="",E201="",G201="",H201="",I201="",J201=""),"Missing details",IF(OR(LEN(A201)>40,LEN(B201)>120,LEN(C201)>240,LEN(D201)>80,LEN(E201)>80),"Text too long",IF(OR(NOT(ISNUMBER(G201)),NOT(ISNUMBER(H201))),"Pin must be two numbers",IF(OR(G201<4,G201>21.5,H201<116,H201>127),"Pin outside the Philippines",IF(J201="No","No permission: do not import",IF(J201<>"Yes","Waiting for permission",IF(AND(I201<>"Owner or manager",I201<>"Site visit"),"Confirm the pin",IF(K201=0,"Add its courts",IF(K201>40,"Over 40 courts",IF(COUNTIFS(Courts!$A$2:$A$1001,A201,Courts!$G$2:$G$1001,"<>OK")>0,"Fix its courts",IF(L201=0,"Needs an active court","Ready")))))))))))))

Sheet Courts
A1: Venue code * | B1: Court name * | C1: Surface | D1: Indoor? * | E1: Covered? * | F1: Active? * | G1: Check (auto) | H1: Notes (not imported)
G2: =IF(A2="","",IF(COUNTIF(Venues!$A$2:$A$201,A2)=0,"Unknown venue code",IF(OR(B2="",D2="",E2="",F2=""),"Missing details",IF(LEN(B2)>80,"Name too long",IF(COUNTIFS($A$2:$A$1001,A2,$B$2:$B$1001,B2)>1,"Duplicate court name",IF(AND(C2<>"",C2<>"Hard",C2<>"Synthetic",C2<>"Other",C2<>"Not sure"),"Unknown surface",IF(OR(AND(D2<>"Yes",D2<>"No"),AND(E2<>"Yes",E2<>"No"),AND(F2<>"Yes",F2<>"No")),"Use Yes or No","OK")))))))
G3: =IF(A3="","",IF(COUNTIF(Venues!$A$2:$A$201,A3)=0,"Unknown venue code",IF(OR(B3="",D3="",E3="",F3=""),"Missing details",IF(LEN(B3)>80,"Name too long",IF(COUNTIFS($A$2:$A$1001,A3,$B$2:$B$1001,B3)>1,"Duplicate court name",IF(AND(C3<>"",C3<>"Hard",C3<>"Synthetic",C3<>"Other",C3<>"Not sure"),"Unknown surface",IF(OR(AND(D3<>"Yes",D3<>"No"),AND(E3<>"Yes",E3<>"No"),AND(F3<>"Yes",F3<>"No")),"Use Yes or No","OK")))))))
G4: =IF(A4="","",IF(COUNTIF(Venues!$A$2:$A$201,A4)=0,"Unknown venue code",IF(OR(B4="",D4="",E4="",F4=""),"Missing details",IF(LEN(B4)>80,"Name too long",IF(COUNTIFS($A$2:$A$1001,A4,$B$2:$B$1001,B4)>1,"Duplicate court name",IF(AND(C4<>"",C4<>"Hard",C4<>"Synthetic",C4<>"Other",C4<>"Not sure"),"Unknown surface",IF(OR(AND(D4<>"Yes",D4<>"No"),AND(E4<>"Yes",E4<>"No"),AND(F4<>"Yes",F4<>"No")),"Use Yes or No","OK")))))))
G5: =IF(A5="","",IF(COUNTIF(Venues!$A$2:$A$201,A5)=0,"Unknown venue code",IF(OR(B5="",D5="",E5="",F5=""),"Missing details",IF(LEN(B5)>80,"Name too long",IF(COUNTIFS($A$2:$A$1001,A5,$B$2:$B$1001,B5)>1,"Duplicate court name",IF(AND(C5<>"",C5<>"Hard",C5<>"Synthetic",C5<>"Other",C5<>"Not sure"),"Unknown surface",IF(OR(AND(D5<>"Yes",D5<>"No"),AND(E5<>"Yes",E5<>"No"),AND(F5<>"Yes",F5<>"No")),"Use Yes or No","OK")))))))
G6: =IF(A6="","",IF(COUNTIF(Venues!$A$2:$A$201,A6)=0,"Unknown venue code",IF(OR(B6="",D6="",E6="",F6=""),"Missing details",IF(LEN(B6)>80,"Name too long",IF(COUNTIFS($A$2:$A$1001,A6,$B$2:$B$1001,B6)>1,"Duplicate court name",IF(AND(C6<>"",C6<>"Hard",C6<>"Synthetic",C6<>"Other",C6<>"Not sure"),"Unknown surface",IF(OR(AND(D6<>"Yes",D6<>"No"),AND(E6<>"Yes",E6<>"No"),AND(F6<>"Yes",F6<>"No")),"Use Yes or No","OK")))))))
G7: =IF(A7="","",IF(COUNTIF(Venues!$A$2:$A$201,A7)=0,"Unknown venue code",IF(OR(B7="",D7="",E7="",F7=""),"Missing details",IF(LEN(B7)>80,"Name too long",IF(COUNTIFS($A$2:$A$1001,A7,$B$2:$B$1001,B7)>1,"Duplicate court name",IF(AND(C7<>"",C7<>"Hard",C7<>"Synthetic",C7<>"Other",C7<>"Not sure"),"Unknown surface",IF(OR(AND(D7<>"Yes",D7<>"No"),AND(E7<>"Yes",E7<>"No"),AND(F7<>"Yes",F7<>"No")),"Use Yes or No","OK")))))))
G8: =IF(A8="","",IF(COUNTIF(Venues!$A$2:$A$201,A8)=0,"Unknown venue code",IF(OR(B8="",D8="",E8="",F8=""),"Missing details",IF(LEN(B8)>80,"Name too long",IF(COUNTIFS($A$2:$A$1001,A8,$B$2:$B$1001,B8)>1,"Duplicate court name",IF(AND(C8<>"",C8<>"Hard",C8<>"Synthetic",C8<>"Other",C8<>"Not sure"),"Unknown surface",IF(OR(AND(D8<>"Yes",D8<>"No"),AND(E8<>"Yes",E8<>"No"),AND(F8<>"Yes",F8<>"No")),"Use Yes or No","OK")))))))
G9: =IF(A9="","",IF(COUNTIF(Venues!$A$2:$A$201,A9)=0,"Unknown venue code",IF(OR(B9="",D9="",E9="",F9=""),"Missing details",IF(LEN(B9)>80,"Name too long",IF(COUNTIFS($A$2:$A$1001,A9,$B$2:$B$1001,B9)>1,"Duplicate court name",IF(AND(C9<>"",C9<>"Hard",C9<>"Synthetic",C9<>"Other",C9<>"Not sure"),"Unknown surface",IF(OR(AND(D9<>"Yes",D9<>"No"),AND(E9<>"Yes",E9<>"No"),AND(F9<>"Yes",F9<>"No")),"Use Yes or No","OK")))))))
G10: =IF(A10="","",IF(COUNTIF(Venues!$A$2:$A$201,A10)=0,"Unknown venue code",IF(OR(B10="",D10="",E10="",F10=""),"Missing details",IF(LEN(B10)>80,"Name too long",IF(COUNTIFS($A$2:$A$1001,A10,$B$2:$B$1001,B10)>1,"Duplicate court name",IF(AND(C10<>"",C10<>"Hard",C10<>"Synthetic",C10<>"Other",C10<>"Not sure"),"Unknown surface",IF(OR(AND(D10<>"Yes",D10<>"No"),AND(E10<>"Yes",E10<>"No"),AND(F10<>"Yes",F10<>"No")),"Use Yes or No","OK")))))))
G11: =IF(A11="","",IF(COUNTIF(Venues!$A$2:$A$201,A11)=0,"Unknown venue code",IF(OR(B11="",D11="",E11="",F11=""),"Missing details",IF(LEN(B11)>80,"Name too long",IF(COUNTIFS($A$2:$A$1001,A11,$B$2:$B$1001,B11)>1,"Duplicate court name",IF(AND(C11<>"",C11<>"Hard",C11<>"Synthetic",C11<>"Other",C11<>"Not sure"),"Unknown surface",IF(OR(AND(D11<>"Yes",D11<>"No"),AND(E11<>"Yes",E11<>"No"),AND(F11<>"Yes",F11<>"No")),"Use Yes or No","OK")))))))
G12: =IF(A12="","",IF(COUNTIF(Venues!$A$2:$A$201,A12)=0,"Unknown venue code",IF(OR(B12="",D12="",E12="",F12=""),"Missing details",IF(LEN(B12)>80,"Name too long",IF(COUNTIFS($A$2:$A$1001,A12,$B$2:$B$1001,B12)>1,"Duplicate court name",IF(AND(C12<>"",C12<>"Hard",C12<>"Synthetic",C12<>"Other",C12<>"Not sure"),"Unknown surface",IF(OR(AND(D12<>"Yes",D12<>"No"),AND(E12<>"Yes",E12<>"No"),AND(F12<>"Yes",F12<>"No")),"Use Yes or No","OK")))))))
G13: =IF(A13="","",IF(COUNTIF(Venues!$A$2:$A$201,A13)=0,"Unknown venue code",IF(OR(B13="",D13="",E13="",F13=""),"Missing details",IF(LEN(B13)>80,"Name too long",IF(COUNTIFS($A$2:$A$1001,A13,$B$2:$B$1001,B13)>1,"Duplicate court name",IF(AND(C13<>"",C13<>"Hard",C13<>"Synthetic",C13<>"Other",C13<>"Not sure"),"Unknown surface",IF(OR(AND(D13<>"Yes",D13<>"No"),AND(E13<>"Yes",E13<>"No"),AND(F13<>"Yes",F13<>"No")),"Use Yes or No","OK")))))))
... G1001: =IF(A1001="","",IF(COUNTIF(Venues!$A$2:$A$201,A1001)=0,"Unknown venue code",IF(OR(B1001="",D1001="",E1001="",F1001=""),"Missing details",IF(LEN(B1001)>80,"Name too long",IF(COUNTIFS($A$2:$A$1001,A1001,$B$2:$B$1001,B1001)>1,"Duplicate court name",IF(AND(C1001<>"",C1001<>"Hard",C1001<>"Synthetic",C1001<>"Other",C1001<>"Not sure"),"Unknown surface",IF(OR(AND(D1001<>"Yes",D1001<>"No"),AND(E1001<>"Yes",E1001<>"No"),AND(F1001<>"Yes",F1001<>"No")),"Use Yes or No","OK")))))))

Sheet Permissions
A1: Venue code * | B1: Person who agreed * | C1: Their role * | D1: Phone or email * | E1: How they agreed * | F1: Date agreed * | G1: Where the proof is saved * | H1: Invited to claim in the app? | I1: Notes

Sheet Lists
A1: Region | B1: Yes/No | C1: Surface | D1: Pin checked by | E1: Permission | F1: Role | G1: How they agreed
A2: NCR – Metro Manila | B2: Yes | C2: Hard | D2: Owner or manager | E2: Yes | F2: Owner | G2: In person
A3: CAR – Cordillera | B3: No | C3: Synthetic | D3: Site visit | E3: Pending | F3: Manager | G3: Message
A4: I – Ilocos | C4: Other | D4: Not yet | E4: No | F4: Staff | G4: Email
A5: II – Cagayan Valley | C5: Not sure | F5: Other | G5: Phone call
A6: III – Central Luzon
A7: IV-A – CALABARZON
A8: MIMAROPA
A9: V – Bicol
A10: VI – Western Visayas
A11: NIR – Negros Island
A12: VII – Central Visayas
A13: VIII – Eastern Visayas
A14: IX – Zamboanga Peninsula
A15: X – Northern Mindanao
A16: XI – Davao
A17: XII – SOCCSKSARGEN
... A19: BARMM
